Name,TRUE,,,,,Pred,,,
,BetaT,GammaT,BetaV,GammaV,,BetaT,GammaT,BetaV,GammaV
Carbon dioxide/R152a                                      [CO2/R152A],1.00224,1.00646,1,1,,1.0366756,0.96782887,1.0176672,1.0075953
R134a/RE143a                                              [R134A/RE143A],0.99957,0.99594,1,1,,0.99923277,0.98825806,1.0142426,1.0051842
R32/R236fa                                                [R32/R236FA],1,0.9881848,1,1.0540041,,1.0148512,0.9632049,1.0178704,1.0236089
R12/R113                                                  [R12/R113],1,1.0301898,1,1.0165842,,1.030607,1.0627311,1.0396218,1.0145783